[
  {"code":"USA","name_common":"United States","name_official":"United States of America","flag_url":"https://flagcdn.com/w320/us.png","region":"americas","subregion":"North America","capital":"Washington, D.C.","population":331900000,"area_km2":9833520,"population_density_per_km2":33.7,"languages":["English"],"demonym":"American","currency":"United States Dollar (USD)"},
  {"code":"MEX","name_common":"Mexico","name_official":"United Mexican States","flag_url":"https://flagcdn.com/w320/mx.png","region":"americas","subregion":"North America","capital":"Mexico City","population":126700000,"area_km2":1964375,"population_density_per_km2":64.5,"languages":["Spanish"],"demonym":"Mexican","currency":"Mexican Peso (MXN)"},
  {"code":"CAN","name_common":"Canada","name_official":"Canada","flag_url":"https://flagcdn.com/w320/ca.png","region":"americas","subregion":"North America","capital":"Ottawa","population":38010000,"area_km2":9984670,"population_density_per_km2":3.8,"languages":["English","French"],"demonym":"Canadian","currency":"Canadian Dollar (CAD)"},
  {"code":"BRA","name_common":"Brazil","name_official":"Federative Republic of Brazil","flag_url":"https://flagcdn.com/w320/br.png","region":"americas","subregion":"South America","capital":"Brasília","population":214300000,"area_km2":8515770,"population_density_per_km2":25.2,"languages":["Portuguese"],"demonym":"Brazilian","currency":"Brazilian Real (BRL)"},
  {"code":"ARG","name_common":"Argentina","name_official":"Argentine Republic","flag_url":"https://flagcdn.com/w320/ar.png","region":"americas","subregion":"South America","capital":"Buenos Aires","population":45380000,"area_km2":2780400,"population_density_per_km2":16.3,"languages":["Spanish"],"demonym":"Argentine","currency":"Argentine Peso (ARS)"},
  {"code":"GBR","name_common":"United Kingdom","name_official":"United Kingdom of Great Britain and Northern Ireland","flag_url":"https://flagcdn.com/w320/gb.png","region":"europe","subregion":"Northern Europe","capital":"London","population":67500000,"area_km2":243610,"population_density_per_km2":277,"languages":["English"],"demonym":"British","currency":"Pound Sterling (GBP)"},
  {"code":"FRA","name_common":"France","name_official":"French Republic","flag_url":"https://flagcdn.com/w320/fr.png","region":"europe","subregion":"Western Europe","capital":"Paris","population":67800000,"area_km2":551695,"population_density_per_km2":122.9,"languages":["French"],"demonym":"French","currency":"Euro (EUR)"},
  {"code":"DEU","name_common":"Germany","name_official":"Federal Republic of Germany","flag_url":"https://flagcdn.com/w320/de.png","region":"europe","subregion":"Western Europe","capital":"Berlin","population":83200000,"area_km2":357022,"population_density_per_km2":233,"languages":["German"],"demonym":"German","currency":"Euro (EUR)"},
  {"code":"ITA","name_common":"Italy","name_official":"Italian Republic","flag_url":"https://flagcdn.com/w320/it.png","region":"europe","subregion":"Southern Europe","capital":"Rome","population":59100000,"area_km2":301340,"population_density_per_km2":196.1,"languages":["Italian"],"demonym":"Italian","currency":"Euro (EUR)"},
  {"code":"ESP","name_common":"Spain","name_official":"Kingdom of Spain","flag_url":"https://flagcdn.com/w320/es.png","region":"europe","subregion":"Southern Europe","capital":"Madrid","population":47400000,"area_km2":505990,"population_density_per_km2":93.7,"languages":["Spanish"],"demonym":"Spanish","currency":"Euro (EUR)"},
  {"code":"RUS","name_common":"Russia","name_official":"Russian Federation","flag_url":"https://flagcdn.com/w320/ru.png","region":"europe","subregion":"Eastern Europe","capital":"Moscow","population":144000000,"area_km2":17098242,"population_density_per_km2":8.4,"languages":["Russian"],"demonym":"Russian","currency":"Russian Ruble (RUB)"},
  {"code":"CHN","name_common":"China","name_official":"People's Republic of China","flag_url":"https://flagcdn.com/w320/cn.png","region":"asia","subregion":"Eastern Asia","capital":"Beijing","population":1412000000,"area_km2":9706961,"population_density_per_km2":145.5,"languages":["Chinese"],"demonym":"Chinese","currency":"Chinese Yuan (CNY)"},
  {"code":"IND","name_common":"India","name_official":"Republic of India","flag_url":"https://flagcdn.com/w320/in.png","region":"asia","subregion":"Southern Asia","capital":"New Delhi","population":1380000000,"area_km2":3287590,"population_density_per_km2":419.7,"languages":["Hindi","English"],"demonym":"Indian","currency":"Indian Rupee (INR)"},
  {"code":"JPN","name_common":"Japan","name_official":"Japan","flag_url":"https://flagcdn.com/w320/jp.png","region":"asia","subregion":"Eastern Asia","capital":"Tokyo","population":125800000,"area_km2":377975,"population_density_per_km2":333,"languages":["Japanese"],"demonym":"Japanese","currency":"Japanese Yen (JPY)"},
  {"code":"AUS","name_common":"Australia","name_official":"Commonwealth of Australia","flag_url":"https://flagcdn.com/w320/au.png","region":"oceania","subregion":"Australia and New Zealand","capital":"Canberra","population":25900000,"area_km2":7692024,"population_density_per_km2":3.4,"languages":["English"],"demonym":"Australian","currency":"Australian Dollar (AUD)"},
  {"code":"ZAF","name_common":"South Africa","name_official":"Republic of South Africa","flag_url":"https://flagcdn.com/w320/za.png","region":"africa","subregion":"Southern Africa","capital":"Pretoria","population":60000000,"area_km2":1221037,"population_density_per_km2":49.1,"languages":["English","Afrikaans","Zulu"],"demonym":"South African","currency":"South African Rand (ZAR)"}
]
